{
  "colors": [
    {
      "idiom": "universal",
      "color": {
        "color-space": "srgb",
        "components": {
          "red": "0.118",
          "green": "0.141",
          "blue": "0.118",
          "alpha": "1.000"
        }
      }
    },
    {
      "idiom": "universal",
      "appearances": [
        {
          "appearance": "luminosity",
          "value": "dark"
        }
      ],
      "color": {
        "color-space": "srgb",
        "components": {
          "red": "0.118",
          "green": "0.141",
          "blue": "0.118",
          "alpha": "1.000"
        }
      }
    }
  ],
  "info": {
    "author": "style-dictionary",
    "version": 1
  }
}